CHAMP-SUR-DRAC,5.729899,45.073842,Glissement de Terrain
CHAMP-SUR-DRAC,5.729899,45.073842,Secousse Sismique
BRIE-ET-ANGONNES,5.7589681711959,45.147222539238,Secousse Sismique
VIZILLE,5.766142,45.069091,Glissement de Terrain
VIZILLE,5.766142,45.069091,Secousse Sismique
NOTRE-DAME-DE-MESAGE,5.766142,45.069091,Secousse Sismique
VIZILLE,5.775133,45.087955,Glissement de Terrain
VIZILLE,5.775133,45.087955,Secousse Sismique
VENON,5.792377,45.177195,Mouvement de Terrain
LE VERSOUD,5.847022,45.206754,Mouvement de Terrain
CLAIX,5.671862,45.113054,Mouvement de Terrain
VARCES-ALLIERES-ET-RISSET,5.671862,45.113054,Mouvement de Terrain
CHAMP-SUR-DRAC,5.734863,45.084337,Glissement de Terrain
CHAMP-SUR-DRAC,5.734863,45.084337,Secousse Sismique
CHAMP-SUR-DRAC,5.735819,45.080016,Glissement de Terrain
CHAMP-SUR-DRAC,5.735819,45.080016,Secousse Sismique
LA TRONCHE,5.756555,45.193978,Mouvement de Terrain
SEYSSINET-PARISET,5.686799,45.176462,Glissement de Terrain
SEYSSINET-PARISET,5.687564,45.180083,Glissement de Terrain
SEYSSINET-PARISET,5.694518,45.170943,Glissement de Terrain
CLAIX,5.666895,45.132934,Mouvement de Terrain
CLAIX,5.670659,45.118902,Mouvement de Terrain
CLAIX,5.681017,45.12565,Mouvement de Terrain
VARCES-ALLIERES-ET-RISSET,5.681621,45.084639,Mouvement de Terrain
SAINT-GEORGES-DE-COMMIERS,5.707711,45.049961,Secousse Sismique
SAINT-PIERRE-DE-MESAGE,5.760469,45.053333,Secousse Sismique
CLAIX,5.681624,45.112223,Mouvement de Terrain
VARCES-ALLIERES-ET-RISSET,5.681624,45.112223,Mouvement de Terrain
BRIE-ET-ANGONNES,5.7613285455901,45.145403405892,Secousse Sismique
VIZILLE,5.764529,45.071299,Glissement de Terrain
VIZILLE,5.764529,45.071299,Secousse Sismique
NOTRE-DAME-DE-MESAGE,5.764529,45.071299,Secousse Sismique
LE GUA,5.64329,45.01781,Mouvement de Terrain
LE GUA,5.646008,45.024933,Mouvement de Terrain
CLAIX,5.697012,45.123802,Mouvement de Terrain
CLAIX,5.692581,45.132114,Mouvement de Terrain
CLAIX,5.70157,45.120269,Mouvement de Terrain
CLAIX,5.698992,45.123092,Mouvement de Terrain
CLAIX,5.672696,45.106565,Mouvement de Terrain
VARCES-ALLIERES-ET-RISSET,5.672696,45.106565,Mouvement de Terrain
CLAIX,5.696284,45.123266,Mouvement de Terrain
CHAMP-SUR-DRAC,5.729489,45.084753,Glissement de Terrain
CHAMP-SUR-DRAC,5.729489,45.084753,Secousse Sismique
LE GUA,5.624139,44.984015,Mouvement de Terrain
SAINT-GEORGES-DE-COMMIERS,5.708009,45.045545,Secousse Sismique
SAINT-GEORGES-DE-COMMIERS,5.701234,45.039578,Secousse Sismique
VARCES-ALLIERES-ET-RISSET,5.685625,45.087109,Mouvement de Terrain
SAINT-GEORGES-DE-COMMIERS,5.70117,45.043488,Secousse Sismique
VIZILLE,5.777008,45.082802,Glissement de Terrain
VIZILLE,5.777008,45.082802,Secousse Sismique
VIZILLE,5.777001,45.082747,Glissement de Terrain
VIZILLE,5.777001,45.082747,Secousse Sismique
VIZILLE,5.776189,45.085818,Glissement de Terrain
VIZILLE,5.776189,45.085818,Secousse Sismique
VIZILLE,5.775096,45.087903,Glissement de Terrain
VIZILLE,5.775096,45.087903,Secousse Sismique
VIZILLE,5.775133,45.087955,Glissement de Terrain
VIZILLE,5.775133,45.087955,Secousse Sismique
VIZILLE,5.77284,45.073634,Glissement de Terrain
VIZILLE,5.77284,45.073634,Secousse Sismique
VIZILLE,5.777642,45.055298,Glissement de Terrain
SAINT-PIERRE-DE-MESAGE,5.777642,45.055298,Secousse Sismique
VIZILLE,5.777642,45.055298,Secousse Sismique
VIZILLE,5.77378,45.082198,Glissement de Terrain
VIZILLE,5.77378,45.082198,Secousse Sismique
VIZILLE,5.773835,45.082203,Glissement de Terrain
VIZILLE,5.773835,45.082203,Secousse Sismique
LE GUA,5.649402,45.020467,Mouvement de Terrain
VARCES-ALLIERES-ET-RISSET,5.682667,45.104829,Mouvement de Terrain
LE GUA,5.613464,45.016907,Mouvement de Terrain
SAINT-PIERRE-DE-MESAGE,5.764143,45.050527,Secousse Sismique
SAINT-GEORGES-DE-COMMIERS,5.706404,45.028444,Secousse Sismique
VARCES-ALLIERES-ET-RISSET,5.661372,45.072437,Mouvement de Terrain
SAINT-PAUL-DE-VARCES,5.661372,45.072437,Secousse Sismique
SAINT-PIERRE-DE-MESAGE,5.760469,45.053333,Secousse Sismique
VARCES-ALLIERES-ET-RISSET,5.677581,45.085977,Mouvement de Terrain
VARCES-ALLIERES-ET-RISSET,5.684306,45.098163,Mouvement de Terrain
VIZILLE,5.770734,45.077519,Glissement de Terrain
VIZILLE,5.770734,45.077519,Secousse Sismique
NOTRE-DAME-DE-MESAGE,5.770734,45.077519,Secousse Sismique
VARCES-ALLIERES-ET-RISSET,5.668337,45.089711,Mouvement de Terrain
SAINT-PAUL-DE-VARCES,5.668337,45.089711,Secousse Sismique
VARCES-ALLIERES-ET-RISSET,5.681358,45.089582,Mouvement de Terrain
VARCES-ALLIERES-ET-RISSET,5.688469,45.086746,Mouvement de Terrain
VARCES-ALLIERES-ET-RISSET,5.683774,45.088882,Mouvement de Terrain
LA TRONCHE,5.743907,45.206908,Mouvement de Terrain
VARCES-ALLIERES-ET-RISSET,5.682541,45.097471,Mouvement de Terrain
VIZILLE,5.77116,45.085239,Glissement de Terrain
VIZILLE,5.77116,45.085239,Secousse Sismique
VIZILLE,5.771161,45.08525,Glissement de Terrain
VIZILLE,5.771161,45.08525,Secousse Sismique
VARCES-ALLIERES-ET-RISSET,5.676681,45.095902,Mouvement de Terrain
BRIE-ET-ANGONNES,5.80428,45.122033,Secousse Sismique
VAULNAVEYS-LE-HAUT,5.80428,45.122033,Secousse Sismique
BRIE-ET-ANGONNES,5.804285,45.122109,Secousse Sismique
VAULNAVEYS-LE-HAUT,5.804285,45.122109,Secousse Sismique
CHAMP-SUR-DRAC,5.740652,45.081638,Glissement de Terrain
CHAMP-SUR-DRAC,5.740652,45.081638,Secousse Sismique
NOTRE-DAME-DE-MESAGE,5.740652,45.081638,Secousse Sismique
CHAMP-SUR-DRAC,5.735801,45.079974,Glissement de Terrain
CHAMP-SUR-DRAC,5.735801,45.079974,Secousse Sismique
VAULNAVEYS-LE-HAUT,5.821549,45.110011,Secousse Sismique
VAULNAVEYS-LE-HAUT,5.804723,45.112857,Secousse Sismique
VIZILLE,5.757737,45.070346,Glissement de Terrain
VIZILLE,5.757737,45.070346,Secousse Sismique
NOTRE-DAME-DE-MESAGE,5.757737,45.070346,Secousse Sismique
VAULNAVEYS-LE-HAUT,5.807809,45.112784,Secousse Sismique
VAULNAVEYS-LE-HAUT,5.807803,45.112769,Secousse Sismique
VAULNAVEYS-LE-HAUT,5.828747,45.121792,Secousse Sismique
VAULNAVEYS-LE-HAUT,5.809423,45.1197,Secousse Sismique
BRIE-ET-ANGONNES,5.766341,45.11269,Secousse Sismique
LE GUA,5.649507,45.020457,Mouvement de Terrain
BRIE-ET-ANGONNES,5.804249,45.12211,Secousse Sismique
VAULNAVEYS-LE-HAUT,5.804249,45.12211,Secousse Sismique
BRIE-ET-ANGONNES,5.804246,45.122086,Secousse Sismique
VAULNAVEYS-LE-HAUT,5.804246,45.122086,Secousse Sismique
BRIE-ET-ANGONNES,5.804283,45.122084,Secousse Sismique
VAULNAVEYS-LE-HAUT,5.804283,45.122084,Secousse Sismique
VAULNAVEYS-LE-HAUT,5.807358,45.114668,Secousse Sismique
SAINT-MARTIN-D'URIAGE,5.824835,45.132923,Mouvement de Terrain
VAULNAVEYS-LE-HAUT,5.824835,45.132923,Secousse Sismique
CLAIX,5.694594,45.124035,Mouvement de Terrain
VIZILLE,5.777964,45.052926,Glissement de Terrain
SAINT-PIERRE-DE-MESAGE,5.777964,45.052926,Secousse Sismique
VIZILLE,5.777964,45.052926,Secousse Sismique
VIZILLE,5.788199,45.081928,Glissement de Terrain
VIZILLE,5.788199,45.081928,Secousse Sismique
VIZILLE,5.77123,45.082707,Glissement de Terrain
VIZILLE,5.77123,45.082707,Secousse Sismique
VIZILLE,5.771611,45.076758,Glissement de Terrain
VIZILLE,5.771611,45.076758,Secousse Sismique
NOTRE-DAME-DE-MESAGE,5.771611,45.076758,Secousse Sismique
VIZILLE,5.772267,45.074736,Glissement de Terrain
VIZILLE,5.772267,45.074736,Secousse Sismique
VIZILLE,5.773882,45.079235,Glissement de Terrain
VIZILLE,5.773882,45.079235,Secousse Sismique
VIZILLE,5.775628,45.076314,Glissement de Terrain
VIZILLE,5.775628,45.076314,Secousse Sismique
VIZILLE,5.762689,45.084432,Glissement de Terrain
VIZILLE,5.762689,45.084432,Secousse Sismique
NOTRE-DAME-DE-MESAGE,5.762689,45.084432,Secousse Sismique
LA TRONCHE,5.754326,45.219499,Mouvement de Terrain
LA TRONCHE,5.752809,45.222725,Mouvement de Terrain
LA TRONCHE,5.752256,45.21142,Mouvement de Terrain
LA TRONCHE,5.753704,45.216575,Mouvement de Terrain
VENON,5.799947,45.18337,Mouvement de Terrain
CLAIX,5.685851,45.107278,Mouvement de Terrain
VARCES-ALLIERES-ET-RISSET,5.685851,45.107278,Mouvement de Terrain
VENON,5.790421,45.179648,Mouvement de Terrain
VENON,5.801635,45.185188,Mouvement de Terrain
VENON,5.793594,45.180995,Mouvement de Terrain
VENON,5.794134,45.182702,Mouvement de Terrain
VENON,5.791377,45.181145,Mouvement de Terrain
LA TRONCHE,5.746585,45.197363,Mouvement de Terrain
LA TRONCHE,5.739008,45.210074,Mouvement de Terrain
LA TRONCHE,5.744014,45.204909,Mouvement de Terrain
LA TRONCHE,5.750392,45.217919,Mouvement de Terrain
LA TRONCHE,5.744199,45.213633,Mouvement de Terrain
LA TRONCHE,5.747559,45.213772,Mouvement de Terrain
LA TRONCHE,5.738252,45.204859,Mouvement de Terrain
LA TRONCHE,5.750208,45.199641,Mouvement de Terrain
LA TRONCHE,5.751987,45.197164,Mouvement de Terrain
LA TRONCHE,5.743259,45.211548,Mouvement de Terrain
LA TRONCHE,5.745798,45.212123,Mouvement de Terrain
LA TRONCHE,5.746917,45.209607,Mouvement de Terrain
LA TRONCHE,5.744207,45.197012,Mouvement de Terrain
LA TRONCHE,5.736974,45.203865,Mouvement de Terrain
LE GUA,5.65123,45.027893,Mouvement de Terrain
VENON,5.811224,45.187689,Mouvement de Terrain
LA TRONCHE,5.754561,45.188696,Mouvement de Terrain
VIZILLE,5.772486,45.056036,Glissement de Terrain
SAINT-PIERRE-DE-MESAGE,5.772486,45.056036,Secousse Sismique
VIZILLE,5.772486,45.056036,Secousse Sismique
LA TRONCHE,5.755523,45.189717,Mouvement de Terrain
CHAMP-SUR-DRAC,5.7290611444634,45.073189051814,Glissement de Terrain
CHAMP-SUR-DRAC,5.7290611444634,45.073189051814,Secousse Sismique
LA TRONCHE,5.751395,45.188606,Mouvement de Terrain
CHAMP-SUR-DRAC,5.7290058405482,45.07314123441,Glissement de Terrain
CHAMP-SUR-DRAC,5.7290058405482,45.07314123441,Secousse Sismique
SAINT-GEORGES-DE-COMMIERS,5.706388,45.028493,Secousse Sismique
SAINT-GEORGES-DE-COMMIERS,5.705693,45.03903,Secousse Sismique
SAINT-GEORGES-DE-COMMIERS,5.707711,45.049961,Secousse Sismique
SAINT-GEORGES-DE-COMMIERS,5.7064148550206,45.028410878978,Secousse Sismique
LA TRONCHE,5.753932,45.186245,Mouvement de Terrain
LA TRONCHE,5.751905,45.185555,Mouvement de Terrain
VARCES-ALLIERES-ET-RISSET,5.662768,45.077056,Mouvement de Terrain
SAINT-PAUL-DE-VARCES,5.662768,45.077056,Secousse Sismique
LA TRONCHE,5.747829,45.1868,Mouvement de Terrain
CHAMP-SUR-DRAC,5.729899,45.073842,Glissement de Terrain
CHAMP-SUR-DRAC,5.729899,45.073842,Secousse Sismique
VENON,5.8051200094039,45.170338197995,Mouvement de Terrain
SEYSSINET-PARISET,5.694575,45.187885,Glissement de Terrain
SEYSSINET-PARISET,5.692242,45.187361,Glissement de Terrain
SEYSSINET-PARISET,5.698398,45.18931,Glissement de Terrain
SEYSSINET-PARISET,5.693546,45.189074,Glissement de Terrain
VENON,5.806506,45.171157,Mouvement de Terrain
SEYSSINET-PARISET,5.700651,45.189225,Glissement de Terrain
SEYSSINET-PARISET,5.691228,45.190098,Glissement de Terrain
VIZILLE,5.770236,45.086601,Glissement de Terrain
VIZILLE,5.770236,45.086601,Secousse Sismique
VARCES-ALLIERES-ET-RISSET,5.678875,45.088808,Mouvement de Terrain
SEYSSINET-PARISET,5.685778,45.185386,Glissement de Terrain
SEYSSINET-PARISET,5.688762,45.185098,Glissement de Terrain
SEYSSINET-PARISET,5.699308,45.191095,Glissement de Terrain
SEYSSINET-PARISET,5.690025,45.189667,Glissement de Terrain
VARCES-ALLIERES-ET-RISSET,5.683624,45.095993,Mouvement de Terrain
VIZILLE,5.772468,45.056022,Glissement de Terrain
SAINT-PIERRE-DE-MESAGE,5.772468,45.056022,Secousse Sismique
VIZILLE,5.772468,45.056022,Secousse Sismique
LE GUA,5.645373,45.021699,Mouvement de Terrain
VARCES-ALLIERES-ET-RISSET,5.6848,45.089118,Mouvement de Terrain
VIZILLE,5.777642,45.055298,Glissement de Terrain
SAINT-PIERRE-DE-MESAGE,5.777642,45.055298,Secousse Sismique
VIZILLE,5.777642,45.055298,Secousse Sismique
VIZILLE,5.773835,45.082203,Glissement de Terrain
VIZILLE,5.773835,45.082203,Secousse Sismique
CLAIX,5.665879,45.109544,Mouvement de Terrain
VARCES-ALLIERES-ET-RISSET,5.665879,45.109544,Mouvement de Terrain
NOTRE-DAME-DE-COMMIERS,5.697676,45.010318,Secousse Sismique
VENON,5.806173,45.185618,Mouvement de Terrain
VENON,5.807548,45.187302,Mouvement de Terrain
LA TRONCHE,5.755726,45.193724,Mouvement de Terrain
SEYSSINET-PARISET,5.680314,45.169483,Glissement de Terrain
CLAIX,5.699535,45.12234,Mouvement de Terrain
CLAIX,5.7001,45.120557,Mouvement de Terrain
CLAIX,5.694002,45.131975,Mouvement de Terrain
CLAIX,5.694799,45.126719,Mouvement de Terrain
BRIE-ET-ANGONNES,5.768739,45.136769,Secousse Sismique
SEYSSINET-PARISET,5.694685,45.185589,Glissement de Terrain
SAINT-PAUL-DE-VARCES,5.642181,45.071692,Secousse Sismique
CHAMP-SUR-DRAC,5.730651,45.086525,Glissement de Terrain
CHAMP-SUR-DRAC,5.730651,45.086525,Secousse Sismique
CLAIX,5.6759690965894,45.12073543717,Mouvement de Terrain
SEYSSINET-PARISET,5.694042,45.178375,Glissement de Terrain
CHAMP-SUR-DRAC,5.728628,45.080207,Glissement de Terrain
CHAMP-SUR-DRAC,5.728628,45.080207,Secousse Sismique
CHAMP-SUR-DRAC,5.727444,45.075579,Glissement de Terrain
CHAMP-SUR-DRAC,5.727444,45.075579,Secousse Sismique
CLAIX,5.671816,45.113039,Mouvement de Terrain
VARCES-ALLIERES-ET-RISSET,5.671816,45.113039,Mouvement de Terrain
CHAMP-SUR-DRAC,5.734543,45.082651,Glissement de Terrain
CHAMP-SUR-DRAC,5.734543,45.082651,Secousse Sismique
SEYSSINET-PARISET,5.666808,45.170935,Glissement de Terrain
CLAIX,5.692117,45.146053,Mouvement de Terrain
SEYSSINET-PARISET,5.697885,45.178229,Glissement de Terrain
SEYSSINET-PARISET,5.693557,45.164441,Glissement de Terrain
LA TRONCHE,5.736616,45.198218,Mouvement de Terrain
VIZILLE,5.7587547164389,45.073770070411,Glissement de Terrain
VIZILLE,5.7587547164389,45.073770070411,Secousse Sismique
NOTRE-DAME-DE-MESAGE,5.7587547164389,45.073770070411,Secousse Sismique
VOREPPE,5.663981,45.259015,Mouvement de Terrain
LE GUA,5.622594,44.9806,Mouvement de Terrain
CLAIX,5.693215,45.118809,Mouvement de Terrain
CLAIX,5.671979,45.111603,Mouvement de Terrain
VARCES-ALLIERES-ET-RISSET,5.671979,45.111603,Mouvement de Terrain
CLAIX,5.671984,45.111546,Mouvement de Terrain
VARCES-ALLIERES-ET-RISSET,5.671984,45.111546,Mouvement de Terrain
CLAIX,5.69328,45.118824,Mouvement de Terrain
CLAIX,5.693242,45.11881,Mouvement de Terrain
CLAIX,5.692435,45.116008,Mouvement de Terrain
CLAIX,5.678386,45.110549,Mouvement de Terrain
VARCES-ALLIERES-ET-RISSET,5.678386,45.110549,Mouvement de Terrain
CHAMP-SUR-DRAC,5.732764,45.082732,Glissement de Terrain
CHAMP-SUR-DRAC,5.732764,45.082732,Secousse Sismique
CHAMP-SUR-DRAC,5.733686,45.073379,Glissement de Terrain
CHAMP-SUR-DRAC,5.733686,45.073379,Secousse Sismique
CHAMP-SUR-DRAC,5.740642,45.081614,Glissement de Terrain
CHAMP-SUR-DRAC,5.740642,45.081614,Secousse Sismique
NOTRE-DAME-DE-MESAGE,5.740642,45.081614,Secousse Sismique
CHAMP-SUR-DRAC,5.74063,45.081591,Glissement de Terrain
CHAMP-SUR-DRAC,5.74063,45.081591,Secousse Sismique
NOTRE-DAME-DE-MESAGE,5.74063,45.081591,Secousse Sismique
CHAMP-SUR-DRAC,5.743717,45.085668,Glissement de Terrain
CHAMP-SUR-DRAC,5.743717,45.085668,Secousse Sismique
NOTRE-DAME-DE-MESAGE,5.743717,45.085668,Secousse Sismique
CHAMP-SUR-DRAC,5.741084,45.089374,Glissement de Terrain
CHAMP-SUR-DRAC,5.741084,45.089374,Secousse Sismique
SAINT-PIERRE-DE-MESAGE,5.764411,45.053075,Secousse Sismique
VIZILLE,5.767221,45.057497,Glissement de Terrain
SAINT-PIERRE-DE-MESAGE,5.767221,45.057497,Secousse Sismique
VIZILLE,5.767221,45.057497,Secousse Sismique
VIZILLE,5.769325,45.080356,Glissement de Terrain
VIZILLE,5.769325,45.080356,Secousse Sismique
NOTRE-DAME-DE-MESAGE,5.769325,45.080356,Secousse Sismique
VIZILLE,5.7695,45.057995,Glissement de Terrain
SAINT-PIERRE-DE-MESAGE,5.7695,45.057995,Secousse Sismique
VIZILLE,5.7695,45.057995,Secousse Sismique
VIZILLE,5.7605438146513,45.066038004239,Glissement de Terrain
SAINT-PIERRE-DE-MESAGE,5.7605438146513,45.066038004239,Secousse Sismique
VIZILLE,5.7605438146513,45.066038004239,Secousse Sismique
NOTRE-DAME-DE-MESAGE,5.7605438146513,45.066038004239,Secousse Sismique
VIZILLE,5.769506,45.058004,Glissement de Terrain
SAINT-PIERRE-DE-MESAGE,5.769506,45.058004,Secousse Sismique
VIZILLE,5.769506,45.058004,Secousse Sismique
VIZILLE,5.777001,45.082747,Glissement de Terrain
VIZILLE,5.777001,45.082747,Secousse Sismique
VIZILLE,5.776189,45.085818,Glissement de Terrain
VIZILLE,5.776189,45.085818,Secousse Sismique
VIZILLE,5.774732,45.083087,Glissement de Terrain
VIZILLE,5.774732,45.083087,Secousse Sismique
VIZILLE,5.77116,45.085247,Glissement de Terrain
VIZILLE,5.77116,45.085247,Secousse Sismique
VIZILLE,5.764524,45.071246,Glissement de Terrain
VIZILLE,5.764524,45.071246,Secousse Sismique
NOTRE-DAME-DE-MESAGE,5.764524,45.071246,Secousse Sismique
VIZILLE,5.764521,45.071218,Glissement de Terrain
VIZILLE,5.764521,45.071218,Secousse Sismique
NOTRE-DAME-DE-MESAGE,5.764521,45.071218,Secousse Sismique
NOTRE-DAME-DE-COMMIERS,5.697475,45.010303,Secousse Sismique
CLAIX,5.691064,45.14326,Mouvement de Terrain
VIZILLE,5.7605457948335,45.066118198779,Glissement de Terrain
SAINT-PIERRE-DE-MESAGE,5.7605457948335,45.066118198779,Secousse Sismique
VIZILLE,5.7605457948335,45.066118198779,Secousse Sismique
NOTRE-DAME-DE-MESAGE,5.7605457948335,45.066118198779,Secousse Sismique
VIZILLE,5.7610806277926,45.070675546791,Glissement de Terrain
VIZILLE,5.7610806277926,45.070675546791,Secousse Sismique
NOTRE-DAME-DE-MESAGE,5.7610806277926,45.070675546791,Secousse Sismique
CLAIX,5.658668,45.11716,Mouvement de Terrain
VOREPPE,5.662431,45.256734,Mouvement de Terrain
SEYSSINET-PARISET,5.7036562917302,45.185319974897,Glissement de Terrain
LA TRONCHE,5.742362,45.209945,Mouvement de Terrain
SEYSSINET-PARISET,5.7050153529621,45.170639241861,Glissement de Terrain
SEYSSINET-PARISET,5.7036081180157,45.18339627609,Glissement de Terrain
CHAMP-SUR-DRAC,5.7290341944784,45.073165608098,Glissement de Terrain
CHAMP-SUR-DRAC,5.7290341944784,45.073165608098,Secousse Sismique
SEYSSINET-PARISET,5.69501,45.190767,Glissement de Terrain
VAULNAVEYS-LE-HAUT,5.807794,45.11274,Secousse Sismique
VAULNAVEYS-LE-HAUT,5.821513,45.110011,Secousse Sismique
VAULNAVEYS-LE-HAUT,5.821549,45.110011,Secousse Sismique
CHAMP-SUR-DRAC,5.734863,45.084337,Glissement de Terrain
CHAMP-SUR-DRAC,5.734863,45.084337,Secousse Sismique
CLAIX,5.688895,45.118476,Mouvement de Terrain
SAINT-GEORGES-DE-COMMIERS,5.706393,45.028477,Secousse Sismique
SAINT-GEORGES-DE-COMMIERS,5.70117,45.043488,Secousse Sismique
SAINT-GEORGES-DE-COMMIERS,5.706404,45.028444,Secousse Sismique
VIZILLE,5.757737,45.070346,Glissement de Terrain
VIZILLE,5.757737,45.070346,Secousse Sismique
NOTRE-DAME-DE-MESAGE,5.757737,45.070346,Secousse Sismique
VENON,5.787307,45.17943,Mouvement de Terrain
VIZILLE,5.757718,45.070318,Glissement de Terrain
VIZILLE,5.757718,45.070318,Secousse Sismique
NOTRE-DAME-DE-MESAGE,5.757718,45.070318,Secousse Sismique
CLAIX,5.691679,45.12236,Mouvement de Terrain
SEYSSINET-PARISET,5.70705,45.177732,Glissement de Terrain
VAULNAVEYS-LE-HAUT,5.807358,45.114668,Secousse Sismique
CHAMP-SUR-DRAC,5.729489,45.084753,Glissement de Terrain
CHAMP-SUR-DRAC,5.729489,45.084753,Secousse Sismique
SEYSSINET-PARISET,5.692872,45.178651,Glissement de Terrain
SEYSSINET-PARISET,5.69599,45.181373,Glissement de Terrain
SEYSSINET-PARISET,5.69529,45.184723,Glissement de Terrain
SEYSSINET-PARISET,5.673061,45.171233,Glissement de Terrain
SEYSSINET-PARISET,5.699132,45.174153,Glissement de Terrain
SEYSSINET-PARISET,5.696527,45.17948,Glissement de Terrain
SEYSSINET-PARISET,5.6891,45.180421,Glissement de Terrain
SEYSSINET-PARISET,5.692111,45.175519,Glissement de Terrain
SEYSSINET-PARISET,5.699347,45.186957,Glissement de Terrain
SEYSSINET-PARISET,5.691965,45.17346,Glissement de Terrain
SEYSSINET-PARISET,5.697032,45.175648,Glissement de Terrain
BRIE-ET-ANGONNES,5.804246,45.122061,Secousse Sismique
VAULNAVEYS-LE-HAUT,5.804246,45.122061,Secousse Sismique
SAINT-MARTIN-D'URIAGE,5.824835,45.132923,Mouvement de Terrain
VAULNAVEYS-LE-HAUT,5.824835,45.132923,Secousse Sismique
SAINT-MARTIN-D'URIAGE,5.825347,45.136318,Mouvement de Terrain
VAULNAVEYS-LE-HAUT,5.825347,45.136318,Secousse Sismique
SEYSSINET-PARISET,5.7069,45.174047,Glissement de Terrain
VIZILLE,5.770032,45.078784,Glissement de Terrain
VIZILLE,5.770032,45.078784,Secousse Sismique
NOTRE-DAME-DE-MESAGE,5.770032,45.078784,Secousse Sismique
VIZILLE,5.777964,45.052926,Glissement de Terrain
SAINT-PIERRE-DE-MESAGE,5.777964,45.052926,Secousse Sismique
VIZILLE,5.777964,45.052926,Secousse Sismique
VIZILLE,5.788169,45.08193,Glissement de Terrain
VIZILLE,5.788169,45.08193,Secousse Sismique
SEYSSINET-PARISET,5.697024,45.182884,Glissement de Terrain
VIZILLE,5.788199,45.081928,Glissement de Terrain
VIZILLE,5.788199,45.081928,Secousse Sismique
VIZILLE,5.77123,45.082708,Glissement de Terrain
VIZILLE,5.77123,45.082708,Secousse Sismique
VIZILLE,5.77121,45.0827,Glissement de Terrain
VIZILLE,5.77121,45.0827,Secousse Sismique
VIZILLE,5.773882,45.079235,Glissement de Terrain
VIZILLE,5.773882,45.079235,Secousse Sismique
VIZILLE,5.762691,45.084467,Glissement de Terrain
VIZILLE,5.762691,45.084467,Secousse Sismique
NOTRE-DAME-DE-MESAGE,5.762691,45.084467,Secousse Sismique
VIZILLE,5.762689,45.084432,Glissement de Terrain
VIZILLE,5.762689,45.084432,Secousse Sismique
NOTRE-DAME-DE-MESAGE,5.762689,45.084432,Secousse Sismique
VIZILLE,5.770701,45.077519,Glissement de Terrain
VIZILLE,5.770701,45.077519,Secousse Sismique
NOTRE-DAME-DE-MESAGE,5.770701,45.077519,Secousse Sismique
VIZILLE,5.764524,45.071246,Glissement de Terrain
VIZILLE,5.764524,45.071246,Secousse Sismique
NOTRE-DAME-DE-MESAGE,5.764524,45.071246,Secousse Sismique
SEYSSINET-PARISET,5.693779,45.175968,Glissement de Terrain
SEYSSINET-PARISET,5.698033,45.180626,Glissement de Terrain
SEYSSINET-PARISET,5.687881,45.169936,Glissement de Terrain
SEYSSINET-PARISET,5.659076,45.174755,Glissement de Terrain
SEYSSINET-PARISET,5.694807,45.175366,Glissement de Terrain
SEYSSINET-PARISET,5.692175,45.177212,Glissement de Terrain
SEYSSINET-PARISET,5.690333,45.184004,Glissement de Terrain
SEYSSINET-PARISET,5.697282,45.185617,Glissement de Terrain
SEYSSINET-PARISET,5.693811,45.181181,Glissement de Terrain
SEYSSINET-PARISET,5.694027,45.169752,Glissement de Terrain
SEYSSINET-PARISET,5.695163,45.167033,Glissement de Terrain
SEYSSINET-PARISET,5.692771,45.167192,Glissement de Terrain
SEYSSINET-PARISET,5.689747,45.163323,Glissement de Terrain
SEYSSINET-PARISET,5.688009,45.173308,Glissement de Terrain
VIZILLE,5.764535,45.071328,Glissement de Terrain
VIZILLE,5.764535,45.071328,Secousse Sismique
NOTRE-DAME-DE-MESAGE,5.764535,45.071328,Secousse Sismique
CLAIX,5.679047,45.145927,Mouvement de Terrain
SEYSSINET-PARISET,5.690189,45.166494,Glissement de Terrain
SEYSSINET-PARISET,5.690703,45.164994,Glissement de Terrain
VOREPPE,5.617634,45.269546,Mouvement de Terrain
SEYSSINET-PARISET,5.685018,45.162548,Glissement de Terrain
SEYSSINET-PARISET,5.664427,45.159249,Glissement de Terrain
VOREPPE,5.61917,45.2678,Mouvement de Terrain
VOREPPE,5.618398,45.270954,Mouvement de Terrain
BRIE-ET-ANGONNES,5.756469,45.127568,Secousse Sismique
BRIE-ET-ANGONNES,5.763312,45.128599,Secousse Sismique
BRIE-ET-ANGONNES,5.786418,45.114043,Secousse Sismique
LA TRONCHE,5.738785,45.203052,Mouvement de Terrain
LA TRONCHE,5.746357,45.202471,Mouvement de Terrain
BRIE-ET-ANGONNES,5.785256,45.118913,Secousse Sismique
BRIE-ET-ANGONNES,5.77719,45.139219,Secousse Sismique
BRIE-ET-ANGONNES,5.7777,45.114016,Secousse Sismique
CLAIX,5.699918,45.123919,Mouvement de Terrain
BRIE-ET-ANGONNES,5.768735,45.13681,Secousse Sismique
SAINT-PAUL-DE-VARCES,5.643386,45.071296,Secousse Sismique
LA TRONCHE,5.741266,45.20765,Mouvement de Terrain
SEYSSINET-PARISET,5.684037,45.169358,Glissement de Terrain
SEYSSINET-PARISET,5.678581,45.171808,Glissement de Terrain
VARCES-ALLIERES-ET-RISSET,5.694802,45.08714,Mouvement de Terrain
VARCES-ALLIERES-ET-RISSET,5.682151,45.086166,Mouvement de Terrain
VIZILLE,5.761134,45.070605,Glissement de Terrain
VIZILLE,5.761134,45.070605,Secousse Sismique
NOTRE-DAME-DE-MESAGE,5.761134,45.070605,Secousse Sismique
LE GUA,5.62302,44.989515,Mouvement de Terrain
BRIE-ET-ANGONNES,5.786286,45.114059,Secousse Sismique
VIZILLE,5.765012,45.094589,Glissement de Terrain
VIZILLE,5.765012,45.094589,Secousse Sismique
BRIE-ET-ANGONNES,5.77712,45.1392,Secousse Sismique
BRIE-ET-ANGONNES,5.770505,45.134282,Secousse Sismique
CHAMP-SUR-DRAC,5.741084,45.089374,Glissement de Terrain
CHAMP-SUR-DRAC,5.741084,45.089374,Secousse Sismique
BRIE-ET-ANGONNES,5.766341,45.11269,Secousse Sismique
VIZILLE,5.761134,45.070605,Glissement de Terrain
VIZILLE,5.761134,45.070605,Secousse Sismique
NOTRE-DAME-DE-MESAGE,5.761134,45.070605,Secousse Sismique
VAULNAVEYS-LE-HAUT,5.806386,45.113409,Secousse Sismique
VAULNAVEYS-LE-HAUT,5.828747,45.121792,Secousse Sismique
VAULNAVEYS-LE-HAUT,5.809423,45.1197,Secousse Sismique
CHAMP-SUR-DRAC,5.729476,45.084735,Glissement de Terrain
CHAMP-SUR-DRAC,5.729476,45.084735,Secousse Sismique
CHAMP-SUR-DRAC,5.741084,45.089374,Glissement de Terrain
CHAMP-SUR-DRAC,5.741084,45.089374,Secousse Sismique
CHAMP-SUR-DRAC,5.74162,45.088302,Glissement de Terrain
CHAMP-SUR-DRAC,5.74162,45.088302,Secousse Sismique
SAINT-PIERRE-DE-MESAGE,5.764363,45.053076,Secousse Sismique
VIZILLE,5.767176,45.05749,Glissement de Terrain
SAINT-PIERRE-DE-MESAGE,5.767176,45.05749,Secousse Sismique
VIZILLE,5.767176,45.05749,Secousse Sismique
SAINT-PIERRE-DE-MESAGE,5.760455,45.053355,Secousse Sismique
VAULNAVEYS-LE-HAUT,5.809377,45.119669,Secousse Sismique
VIZILLE,5.770212,45.086597,Glissement de Terrain
VIZILLE,5.770212,45.086597,Secousse Sismique
BRIE-ET-ANGONNES,5.804281,45.122058,Secousse Sismique
VAULNAVEYS-LE-HAUT,5.804281,45.122058,Secousse Sismique
VIZILLE,5.769486,45.057972,Glissement de Terrain
SAINT-PIERRE-DE-MESAGE,5.769486,45.057972,Secousse Sismique
VIZILLE,5.769486,45.057972,Secousse Sismique
VIZILLE,5.77793,45.05292,Glissement de Terrain
SAINT-PIERRE-DE-MESAGE,5.77793,45.05292,Secousse Sismique
VIZILLE,5.77793,45.05292,Secousse Sismique
VIZILLE,5.761094,45.070655,Glissement de Terrain
VIZILLE,5.761094,45.070655,Secousse Sismique
NOTRE-DAME-DE-MESAGE,5.761094,45.070655,Secousse Sismique
VIZILLE,5.760545,45.066101,Glissement de Terrain
SAINT-PIERRE-DE-MESAGE,5.760545,45.066101,Secousse Sismique
VIZILLE,5.760545,45.066101,Secousse Sismique
NOTRE-DAME-DE-MESAGE,5.760545,45.066101,Secousse Sismique
LA TRONCHE,5.735658,45.202616,Mouvement de Terrain
CLAIX,5.704047,45.105911,Mouvement de Terrain
VARCES-ALLIERES-ET-RISSET,5.704047,45.105911,Mouvement de Terrain
CLAIX,5.696496,45.125087,Mouvement de Terrain
NOTRE-DAME-DE-MESAGE,5.753799,45.068295,Secousse Sismique
SAINT-GEORGES-DE-COMMIERS,5.705719,45.039,Secousse Sismique
VIZILLE,5.760543,45.066053,Glissement de Terrain
SAINT-PIERRE-DE-MESAGE,5.760543,45.066053,Secousse Sismique
VIZILLE,5.760543,45.066053,Secousse Sismique
NOTRE-DAME-DE-MESAGE,5.760543,45.066053,Secousse Sismique
VOREPPE,5.6637,45.258884,Mouvement de Terrain
VOREPPE,5.663662,45.258863,Mouvement de Terrain
SEYSSINET-PARISET,5.702597,45.171293,Glissement de Terrain
SEYSSINET-PARISET,5.702632,45.172307,Glissement de Terrain
SEYSSINET-PARISET,5.702632,45.172284,Glissement de Terrain
SEYSSINET-PARISET,5.703053,45.169877,Glissement de Terrain
SEYSSINET-PARISET,5.703088,45.169876,Glissement de Terrain
SEYSSINET-PARISET,5.703102,45.169222,Glissement de Terrain
SEYSSINET-PARISET,5.703054,45.169156,Glissement de Terrain
SEYSSINET-PARISET,5.703023,45.169157,Glissement de Terrain
SEYSSINET-PARISET,5.703809,45.172394,Glissement de Terrain
SEYSSINET-PARISET,5.703056,45.172541,Glissement de Terrain
SEYSSINET-PARISET,5.703018,45.172542,Glissement de Terrain
SEYSSINET-PARISET,5.706911,45.179842,Glissement de Terrain
LA TRONCHE,5.737939,45.196391,Mouvement de Terrain
LA TRONCHE,5.735679,45.193713,Mouvement de Terrain
LA TRONCHE,5.737731,45.194312,Mouvement de Terrain
LA TRONCHE,5.737471,45.193091,Mouvement de Terrain
LA TRONCHE,5.740353,45.197662,Mouvement de Terrain
LA TRONCHE,5.739119,45.191452,Mouvement de Terrain
LA TRONCHE,5.737119,45.190704,Mouvement de Terrain
LA TRONCHE,5.736427,45.201575,Mouvement de Terrain
LA TRONCHE,5.746714,45.185823,Mouvement de Terrain
LA TRONCHE,5.744112,45.187172,Mouvement de Terrain
LA TRONCHE,5.740509,45.186737,Mouvement de Terrain
LA TRONCHE,5.747973,45.185646,Mouvement de Terrain
SEYSSINET-PARISET,5.706785,45.182943,Glissement de Terrain
SEYSSINET-PARISET,5.705572,45.180374,Glissement de Terrain
SEYSSINET-PARISET,5.70711,45.180327,Glissement de Terrain
SEYSSINET-PARISET,5.704194,45.191763,Glissement de Terrain
SEYSSINET-PARISET,5.705716,45.186698,Glissement de Terrain
SEYSSINET-PARISET,5.706893,45.184714,Glissement de Terrain
SEYSSINET-PARISET,5.704242,45.187417,Glissement de Terrain
SEYSSINET-PARISET,5.705424,45.181533,Glissement de Terrain
SEYSSINET-PARISET,5.705505,45.179436,Glissement de Terrain
LA TRONCHE,5.73917,45.198967,Mouvement de Terrain
SEYSSINET-PARISET,5.703795,45.172392,Glissement de Terrain
CLAIX,5.699072,45.121586,Mouvement de Terrain
LA TRONCHE,5.740604,45.188409,Mouvement de Terrain
LA TRONCHE,5.741982,45.198644,Mouvement de Terrain
LA TRONCHE,5.743661,45.186178,Mouvement de Terrain
LA TRONCHE,5.737323,45.19735,Mouvement de Terrain
VENON,5.789477,45.176245,Mouvement de Terrain
SEYSSINET-PARISET,5.705317,45.184295,Glissement de Terrain
SEYSSINET-PARISET,5.705723,45.188083,Glissement de Terrain
SEYSSINET-PARISET,5.705138,45.17312,Glissement de Terrain
LA TRONCHE,5.732532,45.197886,Mouvement de Terrain
SEYSSINET-PARISET,5.703636,45.17563,Glissement de Terrain
SEYSSINET-PARISET,5.703374,45.16883,Glissement de Terrain
SEYSSINET-PARISET,5.705258,45.179508,Glissement de Terrain
SEYSSINET-PARISET,5.703109,45.169407,Glissement de Terrain
CLAIX,5.680484,45.147994,Mouvement de Terrain
LA TRONCHE,5.735638,45.202637,Mouvement de Terrain
LA TRONCHE,5.735649,45.202626,Mouvement de Terrain
CHAMP-SUR-DRAC,5.732764,45.082732,Glissement de Terrain
CHAMP-SUR-DRAC,5.732764,45.082732,Secousse Sismique
VIZILLE,5.768514,45.067309,Glissement de Terrain
VIZILLE,5.768514,45.067309,Secousse Sismique
VIZILLE,5.767955,45.067354,Glissement de Terrain
VIZILLE,5.767955,45.067354,Secousse Sismique
VIZILLE,5.768073618904,45.067346467718,Glissement de Terrain
VIZILLE,5.768073618904,45.067346467718,Secousse Sismique
CHAMP-SUR-DRAC,5.728628,45.080207,Glissement de Terrain
CHAMP-SUR-DRAC,5.728628,45.080207,Secousse Sismique
CHAMP-SUR-DRAC,5.732716,45.082752,Glissement de Terrain
CHAMP-SUR-DRAC,5.732716,45.082752,Secousse Sismique
CHAMP-SUR-DRAC,5.728583,45.080214,Glissement de Terrain
CHAMP-SUR-DRAC,5.728583,45.080214,Secousse Sismique
CHAMP-SUR-DRAC,5.730651,45.086525,Glissement de Terrain
CHAMP-SUR-DRAC,5.730651,45.086525,Secousse Sismique
CHAMP-SUR-DRAC,5.730613,45.086534,Glissement de Terrain
CHAMP-SUR-DRAC,5.730613,45.086534,Secousse Sismique
CHAMP-SUR-DRAC,5.734838,45.084353,Glissement de Terrain
CHAMP-SUR-DRAC,5.734838,45.084353,Secousse Sismique
CHAMP-SUR-DRAC,5.73399,45.082517,Glissement de Terrain
CHAMP-SUR-DRAC,5.73399,45.082517,Secousse Sismique
CHAMP-SUR-DRAC,5.729868,45.073859,Glissement de Terrain
CHAMP-SUR-DRAC,5.729868,45.073859,Secousse Sismique
VIZILLE,5.765012,45.094589,Glissement de Terrain
VIZILLE,5.765012,45.094589,Secousse Sismique
BRIE-ET-ANGONNES,5.766341,45.11269,Secousse Sismique
CHAMP-SUR-DRAC,5.743716,45.085668,Glissement de Terrain
CHAMP-SUR-DRAC,5.743716,45.085668,Secousse Sismique
NOTRE-DAME-DE-MESAGE,5.743716,45.085668,Secousse Sismique
CHAMP-SUR-DRAC,5.743716,45.085668,Glissement de Terrain
CHAMP-SUR-DRAC,5.743716,45.085668,Secousse Sismique
NOTRE-DAME-DE-MESAGE,5.743716,45.085668,Secousse Sismique
CHAMP-SUR-DRAC,5.741411,45.088068,Glissement de Terrain
CHAMP-SUR-DRAC,5.741411,45.088068,Secousse Sismique
VIZILLE,5.765004,45.094616,Glissement de Terrain
VIZILLE,5.765004,45.094616,Secousse Sismique
SAINT-GEORGES-DE-COMMIERS,5.705719,45.039,Secousse Sismique
VIZILLE,5.761105,45.07064,Glissement de Terrain
VIZILLE,5.761105,45.07064,Secousse Sismique
NOTRE-DAME-DE-MESAGE,5.761105,45.07064,Secousse Sismique
NOTRE-DAME-DE-MESAGE,5.753763,45.068281,Secousse Sismique
NOTRE-DAME-DE-MESAGE,5.753799,45.068295,Secousse Sismique
VIZILLE,5.760545,45.066084,Glissement de Terrain
SAINT-PIERRE-DE-MESAGE,5.760545,45.066084,Secousse Sismique
VIZILLE,5.760545,45.066084,Secousse Sismique
NOTRE-DAME-DE-MESAGE,5.760545,45.066084,Secousse Sismique
VIZILLE,5.760543,45.066054,Glissement de Terrain
SAINT-PIERRE-DE-MESAGE,5.760543,45.066054,Secousse Sismique
VIZILLE,5.760543,45.066054,Secousse Sismique
NOTRE-DAME-DE-MESAGE,5.760543,45.066054,Secousse Sismique
NOTRE-DAME-DE-COMMIERS,5.697451,45.010304,Secousse Sismique
SAINT-GEORGES-DE-COMMIERS,5.708009,45.045545,Secousse Sismique
SAINT-GEORGES-DE-COMMIERS,5.70798,45.045502,Secousse Sismique
SAINT-GEORGES-DE-COMMIERS,5.707695,45.049944,Secousse Sismique
SAINT-PIERRE-DE-MESAGE,5.764411,45.053075,Secousse Sismique
VIZILLE,5.767221,45.057497,Glissement de Terrain
SAINT-PIERRE-DE-MESAGE,5.767221,45.057497,Secousse Sismique
VIZILLE,5.767221,45.057497,Secousse Sismique
VAULNAVEYS-LE-HAUT,5.804721,45.112823,Secousse Sismique
VAULNAVEYS-LE-HAUT,5.807809,45.112784,Secousse Sismique
CHAMP-SUR-DRAC,5.733686,45.073379,Glissement de Terrain
CHAMP-SUR-DRAC,5.733686,45.073379,Secousse Sismique
SAINT-GEORGES-DE-COMMIERS,5.701234,45.039579,Secousse Sismique
SAINT-GEORGES-DE-COMMIERS,5.701185,45.039589,Secousse Sismique
SAINT-GEORGES-DE-COMMIERS,5.701161,45.043509,Secousse Sismique
SAINT-MARTIN-D'URIAGE,5.825315,45.136291,Mouvement de Terrain
VAULNAVEYS-LE-HAUT,5.825315,45.136291,Secousse Sismique
SAINT-MARTIN-D'URIAGE,5.825347,45.136318,Mouvement de Terrain
VAULNAVEYS-LE-HAUT,5.825347,45.136318,Secousse Sismique
SAINT-MARTIN-D'URIAGE,5.824824,45.132965,Mouvement de Terrain
VAULNAVEYS-LE-HAUT,5.824824,45.132965,Secousse Sismique
VIZILLE,5.770054,45.078798,Glissement de Terrain
VIZILLE,5.770054,45.078798,Secousse Sismique
NOTRE-DAME-DE-MESAGE,5.770054,45.078798,Secousse Sismique
VIZILLE,5.766134,45.069074,Glissement de Terrain
VIZILLE,5.766134,45.069074,Secousse Sismique
NOTRE-DAME-DE-MESAGE,5.766134,45.069074,Secousse Sismique
VIZILLE,5.766142,45.069091,Glissement de Terrain
VIZILLE,5.766142,45.069091,Secousse Sismique
NOTRE-DAME-DE-MESAGE,5.766142,45.069091,Secousse Sismique
VIZILLE,5.771587,45.076765,Glissement de Terrain
VIZILLE,5.771587,45.076765,Secousse Sismique
NOTRE-DAME-DE-MESAGE,5.771587,45.076765,Secousse Sismique
VIZILLE,5.771611,45.076758,Glissement de Terrain
VIZILLE,5.771611,45.076758,Secousse Sismique
NOTRE-DAME-DE-MESAGE,5.771611,45.076758,Secousse Sismique
VIZILLE,5.770734,45.077519,Glissement de Terrain
VIZILLE,5.770734,45.077519,Secousse Sismique
NOTRE-DAME-DE-MESAGE,5.770734,45.077519,Secousse Sismique
VIZILLE,5.772283,45.074702,Glissement de Terrain
VIZILLE,5.772283,45.074702,Secousse Sismique
VIZILLE,5.772267,45.074736,Glissement de Terrain
VIZILLE,5.772267,45.074736,Secousse Sismique
VIZILLE,5.769282,45.080354,Glissement de Terrain
VIZILLE,5.769282,45.080354,Secousse Sismique
NOTRE-DAME-DE-MESAGE,5.769282,45.080354,Secousse Sismique
LA TRONCHE,5.738292,45.204891,Mouvement de Terrain
LA TRONCHE,5.738366,45.204948,Mouvement de Terrain
LA TRONCHE,5.73833,45.204919,Mouvement de Terrain
VIZILLE,5.769282,45.080354,Glissement de Terrain
VIZILLE,5.769282,45.080354,Secousse Sismique
NOTRE-DAME-DE-MESAGE,5.769282,45.080354,Secousse Sismique
VIZILLE,5.7695,45.057995,Glissement de Terrain
SAINT-PIERRE-DE-MESAGE,5.7695,45.057995,Secousse Sismique
VIZILLE,5.7695,45.057995,Secousse Sismique
VIZILLE,5.7695,45.057995,Glissement de Terrain
SAINT-PIERRE-DE-MESAGE,5.7695,45.057995,Secousse Sismique
VIZILLE,5.7695,45.057995,Secousse Sismique
VOREPPE,5.658775,45.258355,Mouvement de Terrain
VOREPPE,5.658722,45.258327,Mouvement de Terrain
VOREPPE,5.662381,45.256763,Mouvement de Terrain
VOREPPE,5.662408,45.256747,Mouvement de Terrain
VOREPPE,5.662325,45.256796,Mouvement de Terrain
VOREPPE,5.662352,45.256779,Mouvement de Terrain
VIZILLE,5.776124,45.085795,Glissement de Terrain
VIZILLE,5.776124,45.085795,Secousse Sismique
VIZILLE,5.772468,45.056022,Glissement de Terrain
SAINT-PIERRE-DE-MESAGE,5.772468,45.056022,Secousse Sismique
VIZILLE,5.772468,45.056022,Secousse Sismique
VIZILLE,5.772824,45.073623,Glissement de Terrain
VIZILLE,5.772824,45.073623,Secousse Sismique
VIZILLE,5.777624,45.055316,Glissement de Terrain
SAINT-PIERRE-DE-MESAGE,5.777624,45.055316,Secousse Sismique
VIZILLE,5.777624,45.055316,Secousse Sismique
VIZILLE,5.777615,45.055325,Glissement de Terrain
SAINT-PIERRE-DE-MESAGE,5.777615,45.055325,Secousse Sismique
VIZILLE,5.777615,45.055325,Secousse Sismique
SEYSSINET-PARISET,5.702621,45.171292,Glissement de Terrain
SEYSSINET-PARISET,5.702595,45.171274,Glissement de Terrain
SEYSSINET-PARISET,5.702626,45.172188,Glissement de Terrain
SEYSSINET-PARISET,5.70313,45.16983,Glissement de Terrain
SEYSSINET-PARISET,5.703101,45.169198,Glissement de Terrain
SEYSSINET-PARISET,5.70381,45.172414,Glissement de Terrain
SEYSSINET-PARISET,5.703201,45.172536,Glissement de Terrain
SEYSSINET-PARISET,5.702616,45.171833,Glissement de Terrain
VIZILLE,5.774727,45.083019,Glissement de Terrain
VIZILLE,5.774727,45.083019,Secousse Sismique
VIZILLE,5.774732,45.083087,Glissement de Terrain
VIZILLE,5.774732,45.083087,Secousse Sismique
VIZILLE,5.77116,45.085231,Glissement de Terrain
VIZILLE,5.77116,45.085231,Secousse Sismique
SEYSSINET-PARISET,5.702639,45.171833,Glissement de Terrain
SEYSSINET-PARISET,5.702615,45.171816,Glissement de Terrain
SEYSSINET-PARISET,5.702608,45.171549,Glissement de Terrain
SEYSSINET-PARISET,5.702609,45.171574,Glissement de Terrain
BRIE-ET-ANGONNES,5.804242,45.122036,Secousse Sismique
VAULNAVEYS-LE-HAUT,5.804242,45.122036,Secousse Sismique
VIZILLE,5.771159,45.085235,Glissement de Terrain
VIZILLE,5.771159,45.085235,Secousse Sismique
SEYSSINET-PARISET,5.703114,45.169498,Glissement de Terrain
SEYSSINET-PARISET,5.703113,45.169472,Glissement de Terrain
VAULNAVEYS-LE-HAUT,5.807789,45.112725,Secousse Sismique
NOTRE-DAME-DE-COMMIERS,5.697475,45.010303,Secousse Sismique
NOTRE-DAME-DE-COMMIERS,5.697659,45.010301,Secousse Sismique
NOTRE-DAME-DE-COMMIERS,5.697652,45.010308,Secousse Sismique
VIZILLE,5.77385,45.079244,Glissement de Terrain
VIZILLE,5.77385,45.079244,Secousse Sismique
VIZILLE,5.76613,45.069065,Glissement de Terrain
VIZILLE,5.76613,45.069065,Secousse Sismique
NOTRE-DAME-DE-MESAGE,5.76613,45.069065,Secousse Sismique
CHAMP-SUR-DRAC,5.733959,45.080459,Glissement de Terrain
CHAMP-SUR-DRAC,5.733959,45.080459,Secousse Sismique
CHAMP-SUR-DRAC,5.740665,45.081677,Glissement de Terrain
CHAMP-SUR-DRAC,5.740665,45.081677,Secousse Sismique
NOTRE-DAME-DE-MESAGE,5.740665,45.081677,Secousse Sismique
LA TRONCHE,5.734038,45.201439,Mouvement de Terrain
LA TRONCHE,5.73403,45.20142,Mouvement de Terrain
VOREPPE,5.66364,45.258855,Mouvement de Terrain
VOREPPE,5.664823,45.256801,Mouvement de Terrain
VOREPPE,5.664799,45.256817,Mouvement de Terrain
SEYSSINET-PARISET,5.702584,45.170836,Glissement de Terrain
SEYSSINET-PARISET,5.702557,45.170837,Glissement de Terrain
SEYSSINET-PARISET,5.703129,45.169806,Glissement de Terrain
SEYSSINET-PARISET,5.693544,45.164242,Glissement de Terrain
BRIE-ET-ANGONNES,5.763154,45.128732,Secousse Sismique
CLAIX,5.678073,45.147295,Mouvement de Terrain
CLAIX,5.677978,45.147307,Mouvement de Terrain
BRIE-ET-ANGONNES,5.786375,45.114047,Secousse Sismique
BRIE-ET-ANGONNES,5.786322,45.114023,Secousse Sismique
BRIE-ET-ANGONNES,5.786325,45.114055,Secousse Sismique
BRIE-ET-ANGONNES,5.78505,45.118808,Secousse Sismique
BRIE-ET-ANGONNES,5.785219,45.118882,Secousse Sismique
BRIE-ET-ANGONNES,5.777088,45.139207,Secousse Sismique
BRIE-ET-ANGONNES,5.768745,45.136929,Secousse Sismique
BRIE-ET-ANGONNES,5.768747,45.136977,Secousse Sismique
BRIE-ET-ANGONNES,5.78378,45.115345,Secousse Sismique
CLAIX,5.691118,45.143244,Mouvement de Terrain
CLAIX,5.692177,45.146076,Mouvement de Terrain
CHAMP-SUR-DRAC,5.735783,45.079934,Glissement de Terrain
CHAMP-SUR-DRAC,5.735783,45.079934,Secousse Sismique
BRIE-ET-ANGONNES,5.756375,45.127512,Secousse Sismique
BRIE-ET-ANGONNES,5.763232,45.128664,Secousse Sismique
CHAMP-SUR-DRAC,5.74066,45.081658,Glissement de Terrain
CHAMP-SUR-DRAC,5.74066,45.081658,Secousse Sismique
NOTRE-DAME-DE-MESAGE,5.74066,45.081658,Secousse Sismique
CHAMP-SUR-DRAC,5.733668,45.07335,Glissement de Terrain
CHAMP-SUR-DRAC,5.733668,45.07335,Secousse Sismique
VAULNAVEYS-LE-HAUT,5.807374,45.114688,Secousse Sismique
CLAIX,5.680493,45.148025,Mouvement de Terrain
